economy,year,GDP_per_capita,Life_expectancy,Healthcare_spending_per_capita,Infant_mortality_rate,Education_expenditure_pct_GDP,Population,income_group,region
ABW,2020.0,22855.9323200761,75.406,,,,108587.0,HIC,LCN
ABW,2021.0,27200.0610793969,73.655,,,3.61855755636695,107700.0,HIC,LCN
ABW,2022.0,30559.5335346581,76.226,,,,107310.0,HIC,LCN
AFE,2020.0,1344.10320999294,63.7664840026943,81.5518950187536,41.1258527019551,4.0905654220699,694446100.0,,
AFE,2021.0,1522.3933455926,62.9799991857494,92.3865748809452,40.0875597895277,4.36837948133246,713090928.0,,
AFE,2022.0,1628.31894446307,64.4870195456608,92.5815209732848,39.6730585330406,3.69766802106406,731821393.0,,
AFG,2020.0,510.787063366811,61.454,80.0892334,55.3,,39068979.0,LIC,MEA
AFG,2021.0,356.496214115892,60.417,81.52112579,53.6,,40000412.0,LIC,MEA
AFG,2022.0,357.261152798144,65.617,80.6516037,52.0,,40578842.0,LIC,MEA
AFW,2020.0,1680.03933212698,57.3644254011107,64.4074227528619,57.5502079306733,3.39874087928788,474569351.0,,
AFW,2021.0,1765.9547879785,57.3625716910274,72.2410946748859,56.4740436067272,3.09692638090381,485920997.0,,
AFW,2022.0,1796.66863273368,57.9878133945189,74.4213512159563,56.4303202171376,2.89168744551701,497387180.0,,
AGO,2020.0,1449.92286669308,63.116,55.93916321,42.3,2.66744733689285,33451132.0,LMC,SSF
AGO,2021.0,1925.87466082167,62.958,67.04656982,40.9,2.29719689513241,34532429.0,LMC,SSF
AGO,2022.0,2929.69445467272,64.246,101.25614166,39.6,2.38535898416633,35635029.0,LMC,SSF
ALB,2020.0,5370.77749956875,77.824,396.17477417,8.1,3.325040102005,2837849.0,UMC,ECS
ALB,2021.0,6413.28280828537,76.844,465.57043457,8.2,3.00555992126465,2811666.0,UMC,ECS
ALB,2022.0,6846.42669381643,78.769,414.35025024,8.3,2.72976994514465,2777689.0,UMC,ECS
AND,2020.0,37361.0900666982,79.418,3282.81738281,2.7,2.63213046553066,77380.0,HIC,ECS
AND,2021.0,42425.6996756291,82.331,3535.98974609,2.7,2.381921736037,78364.0,HIC,ECS
AND,2022.0,42414.0590092117,84.016,3192.31567383,2.6,2.64727997779846,79705.0,HIC,ECS
ARB,2020.0,5722.48099531674,70.7265588103862,325.636172435532,27.4244280775006,3.76860740670194,453723239.0,,
ARB,2021.0,6681.70895180141,70.4041144889903,334.396705984831,26.9837450907913,,460646603.0,,
ARB,2022.0,7931.61789279006,71.8760955992222,329.953683266806,27.7678438480466,,471352066.0,,
ARE,2020.0,37173.8754093066,81.936,2154.41113281,4.7,3.98417997360229,9401038.0,HIC,MEA
ARE,2021.0,43360.0211001327,79.083,2249.96313477,4.4,3.89403009414673,9575152.0,HIC,MEA
ARE,2022.0,49899.0652975197,80.487,2314.74511719,4.2,,10074977.0,HIC,MEA
ARG,2020.0,8535.59938004389,75.878,891.99621582,8.7,5.27689981460571,45191965.0,UMC,LCN
ARG,2021.0,10738.0179223384,73.948,1080.88208008,8.5,4.65393018722534,45312281.0,UMC,LCN
ARG,2022.0,13935.6811110049,75.806,1370.88464355,8.3,4.79263019561768,45407904.0,UMC,LCN
ARM,2020.0,4268.68093304583,73.3756097560976,535.2723999,10.2,2.70555996894836,2961500.0,UMC,ECS
ARM,2021.0,4685.17997128509,72.2780487804878,595.83544922,9.7,2.76784992218018,2962300.0,UMC,ECS
ARM,2022.0,6571.97445545099,74.7658536585366,674.78619385,9.3,2.4918999671936,2969200.0,UMC,ECS
ASM,2020.0,14489.2586563775,72.672,,,,49761.0,HIC,EAS
ASM,2021.0,15236.1604875571,72.708,,,,49225.0,HIC,EAS
ASM,2022.0,18017.4589383973,72.752,,,,48342.0,HIC,EAS
ATG,2020.0,15369.6082250401,77.161,883.50018311,7.8,3.0051830460864,91846.0,HIC,LCN
ATG,2021.0,17348.6006987182,77.197,843.4654541,7.7,2.50897393198865,92349.0,HIC,LCN
ATG,2022.0,20105.1989085164,77.483,1084.88330078,7.5,2.50368755552383,92840.0,HIC,LCN
AUS,2020.0,51791.540179984,83.2,5952.890625,3.2,5.38625001907349,25649248.0,HIC,EAS
AUS,2021.0,60607.7788605166,83.3,7039.57763672,3.2,5.34109020233154,25685412.0,HIC,EAS
AUS,2022.0,64997.0136536475,83.2,6730.99511719,3.2,5.05916023254395,26014399.0,HIC,EAS
AUT,2020.0,48716.4098900349,81.1926829268293,5531.0234375,2.9,5.57961988449097,8916864.0,HIC,ECS
AUT,2021.0,53648.7190742245,81.190243902439,6520.49072266,2.8,5.48071002960205,8955797.0,HIC,ECS
AUT,2022.0,52176.6649141178,81.2951219512195,5851.96240234,2.7,5.27748012542725,9041851.0,HIC,ECS
AZE,2020.0,4229.91064904503,70.312,245.21949768,15.6,4.33204984664917,10093121.0,UMC,ECS
AZE,2021.0,5408.04535175023,70.999,250.9887085,14.8,3.7020800113678,10137750.0,UMC,ECS
AZE,2022.0,7770.594223351,74.125,304.20162964,14.1,3.04690003395081,10141756.0,UMC,ECS
BDI,2020.0,210.008139902508,62.569,26.21934319,34.5,5.32158506838731,12617036.0,LIC,SSF
BDI,2021.0,214.091455416133,62.101,23.21740532,33.4,4.87114173892375,12965481.0,LIC,SSF
BDI,2022.0,250.634225368744,62.882,24.68718529,32.4,,13321097.0,LIC,SSF
BEL,2020.0,45906.2875805246,80.6951219512195,5144.98144531,3.2,6.75470018386841,11538604.0,HIC,ECS
BEL,2021.0,51658.238294958,81.790243902439,5743.62109375,3.2,6.38112020492554,11586195.0,HIC,ECS
BEL,2022.0,50822.2518538518,81.7487804878049,5404.62402344,3.1,6.27796983718872,11680210.0,HIC,ECS
BEN,2020.0,1200.19426631122,60.154,32.55360031,50.4,2.89898431911618,13070169.0,LMC,SSF
BEN,2021.0,1318.65158107487,59.61,34.03829193,49.1,3.09692638090381,13413417.0,LMC,SSF
BEN,2022.0,1266.42710981159,60.475,33.88216782,47.7,3.0972642678305,13759501.0,LMC,SSF
BFA,2020.0,825.237038782475,60.454,54.28778839,48.7,5.21148277030166,21478690.0,LIC,SSF
BFA,2021.0,895.535288442991,60.046,57.22399521,47.3,5.24913346712028,21995243.0,LIC,SSF
BFA,2022.0,836.118304593682,60.7,56.75708389,46.1,5.29456753304241,22509038.0,LIC,SSF
BGD,2020.0,2248.85078828233,71.421,51.00624084,24.9,2.13974351741877,166298024.0,LMC,SAS
BGD,2021.0,2482.84917843357,71.103,58.53958511,24.5,2.17090882504654,167658854.0,LMC,SAS
BGD,2022.0,2716.48592780431,74.265,61.09237671,24.4,2.08538657806243,169384897.0,LMC,SAS
BGR,2020.0,10769.9475699414,73.3560975609756,856.70440674,5.4,4.48297023773193,6550696.0,HIC,ECS
BGR,2021.0,12972.2173356002,71.2121951219512,1047.45739746,5.2,4.7092399597168,6507301.0,HIC,ECS
BGR,2022.0,13999.6719197289,74.1609756097561,1011.09472656,5.1,4.50109004974365,6465097.0,HIC,ECS
BHR,2020.0,24342.8444554718,78.683,1101.79211426,6.6,2.05801907522052,1472204.0,HIC,MEA
BHR,2021.0,27147.8083882286,78.083,1175.28198242,6.8,1.85115940115918,1504365.0,HIC,MEA
BHR,2022.0,30470.5219276023,80.992,1110.67590332,7.0,1.71192127094005,1524693.0,HIC,MEA
BHS,2020.0,26178.7537607708,72.994,1871.10473633,11.8,3.7125229961238,395863.0,HIC,LCN
BHS,2021.0,30367.8605757708,70.752,2037.53186035,11.7,3.04890655208507,396373.0,HIC,LCN
BHS,2022.0,34957.1613279737,74.491,2341.32348633,11.6,2.62367021406169,397538.0,HIC,LCN
BIH,2020.0,6130.31133245161,76.04,594.8225708,5.8,3.01954088371123,3299349.0,UMC,ECS
BIH,2021.0,7295.3438240957,74.567,697.07427979,5.7,4.13622999191284,3244907.0,UMC,ECS
BIH,2022.0,7655.59421024383,76.777,667.29681396,5.5,2.97012986426524,3204802.0,UMC,ECS
BLR,2020.0,6542.85579976768,72.1385609756098,420.43655396,2.2,4.86263990402222,9379952.0,UMC,ECS
BLR,2021.0,7489.71894713888,72.0714634146342,484.03930664,2.1,4.60641002655029,9302585.0,UMC,ECS
BLR,2022.0,7994.64806074889,74.1033658536585,529.01873779,2.0,4.62823009490967,9228071.0,UMC,ECS
BLZ,2020.0,5227.19363786168,71.58,280.52630615,11.1,5.21301984786987,390812.0,UMC,LCN
BLZ,2021.0,6122.61158580079,70.917,310.2124939,11.0,5.96298980712891,395346.0,UMC,LCN
BLZ,2022.0,7068.45478269722,72.19,297.4163208,10.9,4.60415983200073,402733.0,UMC,LCN
BMU,2020.0,106976.546239632,81.456,,,1.74834797496856,64382.0,HIC,NAC
BMU,2021.0,112765.08167306,81.745,,,1.94565325816336,64648.0,HIC,NAC
BMU,2022.0,121613.939983629,82.062,,,1.77583338857166,64749.0,HIC,NAC
BOL,2020.0,3099.94219053514,62.906,248.69514465,22.2,8.43710994720459,11816299.0,LMC,LCN
BOL,2021.0,3384.84486462654,61.427,276.20880127,21.4,7.96215009689331,11937360.0,LMC,LCN
BOL,2022.0,3643.92826984604,67.434,307.13800049,20.7,7.57550001144409,12077154.0,LMC,LCN
BRA,2020.0,7074.19378337644,74.506,680.76843262,12.8,5.77150011062622,208660842.0,UMC,LCN
BRA,2021.0,7972.5366498646,73.038,768.27075195,12.7,5.4969801902771,209550294.0,UMC,LCN
BRA,2022.0,9281.33334441234,74.872,848.57122803,12.6,5.61922979354858,210306415.0,UMC,LCN
BRB,2020.0,18347.1109131055,76.647,1234.30041504,10.2,3.86529994010925,281698.0,HIC,LCN
BRB,2021.0,18696.7858952957,76.58,1391.49853516,9.9,4.49793004989624,282147.0,HIC,LCN
BRB,2022.0,22164.0260273876,75.676,1302.0592041,9.6,4.14000988006592,282318.0,HIC,LCN
BRN,2020.0,26834.3592463839,75.114,657.90374756,8.5,,447404.0,HIC,EAS
BRN,2021.0,31006.9636220576,74.869,665.54083252,8.4,,451721.0,HIC,EAS
BRN,2022.0,36632.9280421411,72.917,665.86773682,8.3,,455370.0,HIC,EAS
BTN,2020.0,3191.66906999331,72.253,134.13723755,20.3,5.46991778261464,770006.0,LMC,SAS
BTN,2021.0,3570.61257980872,72.448,103.67519379,19.8,6.5983860642268,775442.0,LMC,SAS
BTN,2022.0,3711.32767981591,72.754,154.48924255,19.1,7.46981980280053,780914.0,LMC,SAS
BWA,2020.0,6323.29749806946,67.643,386.28860474,41.5,8.05833660991541,2365894.0,UMC,SSF
BWA,2021.0,7807.88794500125,63.303,492.14260864,40.3,,2401441.0,UMC,SSF
BWA,2022.0,8328.70905682185,68.749,477.83258057,39.2,,2439892.0,UMC,SSF
CAF,2020.0,462.879071294011,50.596,42.634758,74.5,2.14468061163977,5026628.0,LIC,SSF
CAF,2021.0,492.263142830507,40.279,46.24643707,93.6,1.8725169173301,5112100.0,LIC,SSF
CAF,2022.0,467.359825026238,18.818,47.91517639,189.1,2.11509129476365,5098039.0,LIC,SSF
CAN,2020.0,43537.839298904,81.5351219512195,5649.16943359,4.5,4.88794994354248,38028638.0,HIC,NAC
CAN,2021.0,52886.6616372703,81.5168292682927,6483.37695313,4.5,4.74860000610352,38239864.0,HIC,NAC
CAN,2022.0,56256.8007264015,81.2453658536585,6255.02783203,4.5,4.88021993637085,38935934.0,HIC,NAC
CEB,2020.0,16595.9352698049,76.0162701269145,1182.57491439171,3.9944836328859,4.62503004074097,101215763.0,,
CEB,2021.0,19239.8185020397,74.7232827859077,1406.44098422552,3.92952886675911,4.68406009674072,100205732.0,,
CEB,2022.0,19548.6930479638,76.6522987292583,1361.14887526443,3.92088972010921,4.31646490097046,100071871.0,,
CHE,2020.0,85897.7843338323,83.0,10348.34667969,3.5,5.27676010131836,8638167.0,HIC,ECS
CHE,2021.0,93664.7736696111,83.7512195121951,11262.23046875,3.5,5.03708982467651,8704546.0,HIC,ECS
CHE,2022.0,94394.5106803525,83.6048780487805,10963.43066406,3.5,4.92419004440308,8777088.0,HIC,ECS
CHI,2020.0,56785.9402005039,80.9,,,,166235.0,HIC,ECS
CHI,2021.0,66912.1753241171,80.3,,,,166741.0,HIC,ECS
CHI,2022.0,67627.3084478235,81.0,,,,167215.0,HIC,ECS
CHL,2020.0,13114.815470545,79.349,1270.97814941,5.9,5.62993001937866,19370624.0,HIC,LCN
CHL,2021.0,16206.8325493421,78.876,1576.69287109,5.8,4.99923992156982,19456334.0,HIC,LCN
CHL,2022.0,15405.6165774073,79.176,1547.28967285,5.9,4.89753007888794,19553036.0,HIC,LCN
CHN,2020.0,10627.4637989619,78.019,582.95092773,5.5,,1411100000.0,UMC,EAS
CHN,2021.0,12887.4357242941,78.117,670.25897217,5.1,,1412360000.0,UMC,EAS
CHN,2022.0,12970.6056414327,78.202,672.45159912,4.8,,1412175000.0,UMC,EAS
CIV,2020.0,2179.72934832935,60.14,78.97766876,50.9,3.78674006462097,28915449.0,LMC,SSF
CIV,2021.0,2455.98127626488,60.29,92.39588928,49.2,3.32718992233276,29639736.0,LMC,SSF
CIV,2022.0,2333.37128334477,61.562,86.15213013,47.9,3.51197004318237,30395002.0,LMC,SSF
CMR,2020.0,1555.60370660749,61.674,66.17185211,45.3,3.10390139858492,26210558.0,LMC,SSF
CMR,2021.0,1672.32657340872,61.146,72.56921387,43.8,2.8493076272306,26915758.0,LMC,SSF
CMR,2022.0,1604.87726954895,62.443,71.97737885,42.5,2.65952378267367,27632771.0,LMC,SSF
COD,2020.0,507.521230077872,60.428,20.5593071,48.4,2.62263835311571,95989998.0,LIC,SSF
COD,2021.0,558.034077296358,60.044,21.58848572,47.1,2.66048474102788,99148932.0,LIC,SSF
COD,2022.0,642.612267148918,60.979,24.38615036,45.8,2.84466514463005,102396968.0,LIC,SSF
COG,2020.0,1993.586671931,64.391,80.09735107,30.2,4.22208879466149,5752791.0,LMC,SSF
COG,2021.0,2516.16255145432,64.192,79.3296051,29.3,3.31281536274069,5892183.0,LMC,SSF
COG,2022.0,2620.83804304713,65.0,50.60568619,28.5,2.72738253259215,6035104.0,LMC,SSF
COL,2020.0,5339.68711357943,74.757,464.9777832,12.0,5.26166009902954,50629997.0,UMC,LCN
COL,2021.0,6222.62164397614,72.698,561.11627197,11.6,,51188173.0,UMC,LCN
COL,2022.0,6680.44506854481,76.508,505.50805664,11.3,,51737944.0,UMC,LCN
COM,2020.0,1527.16990927956,65.756,89.67817688,38.7,2.37805076679617,802163.0,LMC,SSF
COM,2021.0,1587.72988601478,65.201,100.04210663,37.8,2.27485390045927,818174.0,LMC,SSF
COM,2022.0,1533.87755332151,66.481,122.93584442,36.8,2.43164424110924,834188.0,LMC,SSF
CPV,2020.0,3539.22661248299,73.818,235.4349823,12.5,7.09400702406662,514679.0,UMC,SSF
CPV,2021.0,3971.44409203423,74.424,282.93057251,12.0,6.15490303089284,516649.0,UMC,SSF
CPV,2022.0,4323.31362032709,75.907,285.9694519,11.5,4.7252554800722,519741.0,UMC,SSF
CRI,2020.0,12394.0493969354,79.725,969.89099121,8.2,6.62898015975952,5034320.0,HIC,LCN
CRI,2021.0,12838.1185359009,78.05,977.14831543,8.5,6.24841976165771,5059988.0,HIC,LCN
CRI,2022.0,13625.9008491478,79.316,978.84155273,8.8,,5081765.0,HIC,LCN
CSS,2020.0,11925.7573950011,71.9394359303317,801.096390908621,18.219759136336,4.2576699256897,4459302.0,,
CSS,2021.0,13833.3099303464,69.9228107471769,862.759954027604,17.8103424792288,3.00432991981506,4479167.0,,
CSS,2022.0,17355.8366579795,72.8322921090608,944.511679918338,17.3249795510315,2.67331004142761,4497310.0,,
CUB,2020.0,9605.26125067263,77.407,1199.35327148,5.7,11.5248184008093,11176354.0,UMC,LCN
CUB,2021.0,,73.201,,6.0,9.3858620562531,11122168.0,UMC,LCN
CUB,2022.0,,77.629,,6.3,8.44086351669284,11059820.0,UMC,LCN
CUW,2020.0,16356.0933254541,76.501,,,7.11645238834347,154947.0,HIC,LCN
CUW,2021.0,17979.9982909306,75.686,,,6.18160236726664,152369.0,HIC,LCN
CUW,2022.0,20501.7522782219,76.729,,,6.08167033605813,149996.0,HIC,LCN
CYM,2020.0,82338.7982853661,79.23,,,1.45542001724243,68684.0,HIC,LCN
CYM,2021.0,86438.445257404,79.3,,,1.31253004074097,70108.0,HIC,LCN
CYM,2022.0,92202.1478031576,79.984,,,1.48894000053406,71591.0,HIC,LCN
CYP,2020.0,28649.015625,81.23,2483.06005859,2.6,5.56462001800537,1302247.0,HIC,ECS
CYP,2021.0,33734.03515625,80.573,3118.24267578,2.7,5.08243989944458,1317309.0,HIC,ECS
CYP,2022.0,33894.44921875,80.434,2864.15649414,2.8,4.73588991165161,1331370.0,HIC,ECS
CZE,2020.0,23472.8915454417,78.2268292682927,2106.28027344,2.4,4.62503004074097,10697858.0,HIC,ECS
CZE,2021.0,27696.4619527544,77.2219512195122,2538.03344727,2.3,4.65163993835449,10505772.0,HIC,ECS
CZE,2022.0,28282.2236715857,78.9292682926829,2431.08496094,2.2,4.30291986465454,10672118.0,HIC,ECS
DEU,2020.0,47379.765194548,81.0414634146342,5932.20019531,3.1,5.51600980758667,83160871.0,HIC,ECS
DEU,2021.0,52265.6541620571,80.790243902439,6638.20800781,3.1,5.36734008789062,83196078.0,HIC,ECS
DEU,2022.0,49686.1154582583,80.6080487804878,6182.34375,3.1,5.23916006088257,83797985.0,HIC,ECS
DJI,2020.0,2844.88810647853,64.2,66.92816925,48.8,,1105188.0,LMC,MEA
DJI,2021.0,3025.91126413549,63.83,87.16930389,47.3,,1121248.0,LMC,MEA
DJI,2022.0,3133.25779772463,65.54,81.80969238,45.9,,1137096.0,LMC,MEA
DMA,2020.0,7827.74842680426,71.269,457.01919556,31.4,4.69630002975464,67573.0,UMC,LCN
DMA,2021.0,8376.40414141113,69.832,521.84313965,32.1,5.71689183034862,67202.0,UMC,LCN
DMA,2022.0,9323.66089490562,71.081,574.41748047,32.7,6.04314243406571,66826.0,UMC,LCN
DNK,2020.0,60985.4885601514,81.6024390243903,6530.47509766,3.2,7.38573980331421,5831404.0,HIC,ECS
DNK,2021.0,69727.9873677012,81.4048780487805,7465.77294922,3.2,6.95915985107422,5856733.0,HIC,ECS
DNK,2022.0,68091.3191138669,81.3048780487805,6456.08398438,3.1,6.35586977005005,5903037.0,HIC,ECS
DOM,2020.0,7135.22273255899,72.636,353.79364014,30.4,4.51769850778985,11008300.0,UMC,LCN
DOM,2021.0,8527.0754858205,71.757,416.68310547,29.8,3.58043271614957,11123476.0,UMC,LCN
DOM,2022.0,10104.2449349081,74.211,462.26287842,29.1,3.61088872070271,11230734.0,UMC,LCN
DZA,2020.0,3743.5419522929,73.257,211.07276917,20.4,6.19391724496515,44042091.0,UMC,MEA
DZA,2021.0,4160.55926736925,75.208,208.52682495,20.2,5.51403281769924,44761099.0,UMC,MEA
DZA,2022.0,4961.55257664733,76.129,179.69688416,20.0,4.74924673000603,45477389.0,UMC,MEA
EAP,2020.0,8391.36838432689,75.6976393295064,446.479702327493,12.5869944722223,3.15314171737183,2121866294.0,,
EAP,2021.0,9974.63640001599,75.2781418410849,514.728346249158,12.547202398466,2.94517488804327,2128553744.0,,
EAP,2022.0,10106.8725194012,75.9325409436903,510.485887004471,12.506974447304,2.28490151187525,2133560408.0,,
EAR,2020.0,3250.74974734387,69.8801308490982,162.009466846697,28.2962304261502,4.0905654220699,3396051187.0,,
EAR,2021.0,3765.51079786712,68.1790994839633,185.036170737778,27.3828551047971,3.86070382057691,3432026092.0,,
EAR,2022.0,4113.00084852322,71.4304552508694,187.714153624307,26.5516744711551,3.58951497077942,3470644834.0,,
EAS,2020.0,11595.2940923559,76.5434376080231,793.628342680854,12.0,3.30628991127014,2369438682.0,,
EAS,2021.0,13282.7636699758,76.1530093756951,879.237648700468,11.9,2.98212428478268,2375144416.0,,
EAS,2022.0,13084.2848090909,76.6767834400676,837.62284554189,11.8,2.88738689372749,2379648196.0,,
ECA,2020.0,5733.41761868436,73.5589573506665,313.055745223477,12.1551526460306,4.38613486289978,250660609.0,,
ECA,2021.0,6623.35137698536,72.8874329657208,373.16498640504,11.9176977604447,4.13580989837646,252189631.0,,
ECA,2022.0,7247.60981221236,74.5786223390478,367.800587645895,11.7494303786583,3.66751503944397,250840400.0,,
ECS,2020.0,24121.4791035767,77.1757484533311,2520.12746004454,6.9,4.85689997673035,923973838.0,,
ECS,2021.0,27591.4108786977,76.7287266936821,2852.86365963793,6.7,4.7092399597168,924702975.0,,
ECS,2022.0,27782.8616206223,77.8361130850842,2792.7297090373,6.6,4.56856989860534,925061269.0,,
ECU,2020.0,5463.64515348598,72.004,473.01956177,11.5,4.26103019714355,17546065.0,UMC,LCN
ECU,2021.0,6061.32350181711,72.746,498.60794067,11.3,3.64776992797852,17682454.0,UMC,LCN
ECU,2022.0,6515.58528418336,76.577,492.83575439,11.2,3.59897994995117,17823897.0,UMC,LCN
EGY,2020.0,3511.11381026379,69.79,148.35269165,17.8,,109315124.0,LMC,MEA
EGY,2021.0,3827.35415374308,68.976,176.93664551,17.2,,110957008.0,LMC,MEA
EGY,2022.0,4233.30783744856,71.01,170.97909546,16.7,,112618250.0,LMC,MEA
EMU,2020.0,38234.5335889285,81.4873571657503,4261.74086179939,3.03698022817174,5.29139995574951,346986142.0,,
EMU,2021.0,42967.2551656434,81.5839330415712,4786.25865840534,3.05787567846989,5.08243989944458,347207191.0,,
EMU,2022.0,41446.4322827569,81.6212237452298,4414.09742965593,3.02990230182414,4.95753502845764,348700885.0,,
ERI,2020.0,,66.98,27.66241646,27.9,,3291271.0,LIC,SSF
ERI,2021.0,,66.94,27.58759499,27.2,,3350183.0,LIC,SSF
ERI,2022.0,,67.789,27.08350372,26.4,,3409447.0,LIC,SSF
ESP,2020.0,27233.9426461608,82.2317073170732,2898.00537109,2.6,4.85116004943848,47359424.0,HIC,ECS
ESP,2021.0,30799.4775937775,83.1780487804878,3144.11181641,2.6,4.81315994262695,47443821.0,HIC,ECS
ESP,2022.0,30270.2687017458,83.1341463414634,2910.83764648,2.6,4.58553981781006,47786102.0,HIC,ECS
EST,2020.0,23933.9939421065,78.5951219512195,1789.03417969,1.8,5.44180011749268,1329522.0,HIC,ECS
EST,2021.0,27953.7670230126,76.9439024390244,2091.15649414,1.8,5.21514987945557,1330932.0,HIC,ECS
EST,2022.0,28451.1477825175,77.8439024390244,1998.88549805,1.7,5.20733976364136,1348840.0,HIC,ECS
ETH,2020.0,905.313159254148,65.969,28.28001595,39.6,4.0905654220699,118917671.0,INX,SSF
ETH,2021.0,910.947887074508,65.33,26.06936646,38.3,4.06524874309096,122138588.0,INX,SSF
ETH,2022.0,1011.07332413462,66.897,27.0685215,37.0,3.73649512188829,125384287.0,INX,SSF
EUU,2020.0,34698.4032089427,80.4414754678551,3742.85591172145,3.21949239060874,4.93079495429992,446870959.0,,
EUU,2021.0,39214.3660784805,80.3071964400875,4226.05153967604,3.21384433385185,4.79329490661621,446227358.0,,
EUU,2022.0,37962.8295010744,80.7129818383208,3897.67038520266,3.18683214828156,4.65508985519409,447703403.0,,
FCS,2020.0,1685.09795088858,62.0663682854031,74.501655286409,49.4971960235411,3.37838750148121,994901090.0,,
FCS,2021.0,1757.35640223069,61.6086810439385,80.7243483362665,48.4897828488366,3.14335470187693,1016906998.0,,
FCS,2022.0,1897.94911362527,62.702271566254,71.8773072908195,48.5154059942791,,1036390026.0,,
FIN,2020.0,48828.6846862799,81.9317073170732,4736.21435547,1.8,6.6812801361084,5529543.0,HIC,ECS
FIN,2021.0,53099.1351400148,81.8853658536585,5261.90966797,1.8,6.58820009231567,5541017.0,HIC,ECS
FIN,2022.0,50440.560224974,81.1878048780488,4902.0390625,1.8,6.37603998184204,5556106.0,HIC,ECS
FJI,2020.0,4844.42127154524,66.924,256.25967407,21.9,5.80519512902055,914963.0,UMC,EAS
FJI,2021.0,4696.17103944634,64.904,331.58413696,22.9,4.8526862712935,916711.0,UMC,EAS
FJI,2022.0,5405.03006162671,67.148,217.15068054,23.5,3.93839539074194,919422.0,UMC,EAS
FRA,2020.0,39169.8606000707,82.1756097560976,4747.51367188,3.3,5.65872001647949,67601110.0,HIC,ECS
FRA,2021.0,43725.0999521245,82.3243902439024,5376.74560547,3.4,5.41742992401123,67842811.0,HIC,ECS
FRA,2022.0,41082.8119320747,82.1292682926829,4865.17822266,3.4,5.32435989379883,68065015.0,HIC,ECS
FRO,2020.0,62240.822409175,82.6439024390244,,,,52567.0,HIC,ECS
FRO,2021.0,68749.4005557957,82.8439024390244,,,,53305.0,HIC,ECS
FRO,2022.0,66139.3809716876,82.9439024390244,,,,53927.0,HIC,ECS
FSM,2020.0,3362.02793142215,65.878,402.98059082,22.9,11.5591397849462,110916.0,LMC,EAS
FSM,2021.0,3508.22356270221,66.152,398.76144409,22.2,,111624.0,LMC,EAS
FSM,2022.0,3710.12448453257,66.961,396.7605896,21.5,,112114.0,LMC,EAS
GAB,2020.0,6605.80346077904,67.073,225.32466125,28.5,3.39874087928788,2322539.0,UMC,SSF
GAB,2021.0,8181.40914134398,67.072,228.84915161,28.1,2.7007928993976,2376722.0,UMC,SSF
GAB,2022.0,8409.20741452279,67.713,247.09622192,27.2,2.20773650357931,2430747.0,UMC,SSF
GBR,2020.0,40404.8062238951,80.331756097561,4816.15283203,3.9,5.43935012817383,66744000.0,HIC,ECS
GBR,2021.0,46926.475736105,80.6473170731707,5612.04931641,3.9,5.90682983398438,66984000.0,HIC,ECS
GBR,2022.0,46062.9914079698,81.0112195121951,5035.6171875,3.9,,67604000.0,HIC,ECS
GEO,2020.0,4300.85701291207,73.509,351.94335938,8.2,3.80951130708125,3722716.0,UMC,ECS
GEO,2021.0,5083.60695484577,71.635,413.7199707,8.2,3.59441995620727,3708610.0,UMC,ECS
GEO,2022.0,6729.84659930283,74.141,477.70956421,8.1,3.75498008728027,3712502.0,UMC,ECS
GHA,2020.0,2195.45481659987,64.309,97.37677765,31.4,3.40915991351725,31887809.0,LMC,SSF
GHA,2021.0,2445.18662529344,64.286,94.40388489,30.2,3.4005042684722,32518665.0,LMC,SSF
GHA,2022.0,2229.89122647803,65.246,82.32108307,29.2,2.90963831638452,33149152.0,LMC,SSF
GIB,2020.0,,83.07,,,,36173.0,HIC,ECS
GIB,2021.0,,80.274,,,,36858.0,HIC,ECS
GIB,2022.0,,83.517,,,,37609.0,HIC,ECS
GIN,2020.0,1053.66097696415,59.35,41.1027565,66.0,2.44806003570557,13371183.0,LMC,SSF
GIN,2021.0,1244.96550477914,59.373,44.10476303,64.6,2.04074820610586,13710513.0,LMC,SSF
GIN,2022.0,1416.59612011764,60.432,55.03785324,63.1,2.00722302981184,14055137.0,LMC,SSF
GMB,2020.0,720.335143352133,64.418,26.85589027,37.2,2.88734569797808,2515733.0,LIC,SSF
GMB,2021.0,781.890925169531,63.847,25.39263344,36.0,3.04477694635226,2576010.0,LIC,SSF
GMB,2022.0,836.244875582631,64.859,28.89956109,34.9,2.89168744551701,2636470.0,LIC,SSF
GNB,2020.0,836.26731423732,61.343,68.1931076,47.0,,2013255.0,LIC,SSF
GNB,2021.0,912.484104692847,61.653,68.37879181,45.7,,2058841.0,LIC,SSF
GNB,2022.0,873.437861875428,63.605,66.05480957,44.3,,2105529.0,LIC,SSF
GNQ,2020.0,5764.05502912947,62.141,230.32144165,54.3,,1716468.0,UMC,SSF
GNQ,2021.0,6945.63069794539,62.447,236.81486511,52.6,,1758786.0,UMC,SSF
GNQ,2022.0,7589.29964909381,63.355,190.09381104,50.9,,1803545.0,UMC,SSF
GRC,2020.0,17886.733165236,81.2878048780488,1674.78417969,3.4,,10698599.0,HIC,ECS
GRC,2021.0,20654.7001960815,80.0829268292683,1846.37304688,3.3,,10569207.0,HIC,ECS
GRC,2022.0,20971.8349258283,80.7878048780488,1768.11071777,3.3,3.37547993659973,10436882.0,HIC,ECS
GRD,2020.0,8968.55890108484,75.019,477.34429932,17.0,,116341.0,UMC,LCN
GRD,2021.0,9622.24050459345,74.522,514.32141113,17.0,4.09030334217367,116688.0,UMC,LCN
GRD,2022.0,10535.4588771454,75.151,521.23730469,16.9,4.03767284869161,116913.0,UMC,LCN
GRL,2020.0,54812.6661771023,71.8507317073171,,,,56367.0,HIC,ECS
GRL,2021.0,58135.9939910203,71.8139024390244,,,,56653.0,HIC,ECS
GRL,2022.0,55635.0006491223,71.5404878048781,,,,56661.0,HIC,ECS
GTM,2020.0,4477.61761796418,69.971,289.21640015,19.7,3.29485011100769,17357325.0,UMC,LCN
GTM,2021.0,4912.62225721201,67.858,341.14865112,19.0,3.091059923172,17598650.0,UMC,LCN
GTM,2022.0,5358.70127494396,71.206,396.07998657,18.4,3.20823001861572,17847877.0,UMC,LCN
GUM,2020.0,36482.9363953675,75.529,,,,162158.0,HIC,EAS
GUM,2021.0,38074.8793745801,75.434,,,,163730.0,HIC,EAS
GUM,2022.0,41833.1517132825,77.102,,,,165180.0,HIC,EAS
GUY,2020.0,6775.70939096303,67.751,367.11260986,26.2,,807481.0,HIC,LCN
GUY,2021.0,9860.87014834386,64.323,462.59054565,25.3,,815482.0,HIC,LCN
GUY,2022.0,17913.4928066879,69.888,531.62786865,24.6,,821637.0,HIC,LCN
HIC,2020.0,40219.1360185556,79.2043516940348,5450.799862454,4.3,4.87601995468139,1393490142.0,,
HIC,2021.0,45211.9410454249,78.8000564470189,5835.82024714229,4.2,4.79329490661621,1391839631.0,,
HIC,2022.0,46655.1648590412,79.4313242226593,5753.7741338438,4.2,4.65508985519409,1398530204.0,,
HKG,2020.0,46109.2299946609,85.4963414634146,,,4.40562009811401,7481000.0,HIC,EAS
HKG,2021.0,49770.5642374739,85.5326829268293,,,4.00030994415283,7413100.0,HIC,EAS
HKG,2022.0,48825.8441873536,83.6609756097561,,,3.72866010665894,7346100.0,HIC,EAS
HND,2020.0,2307.61494319511,70.864,212.7419281,14.6,6.09801328648889,10119640.0,LMC,LCN
HND,2021.0,2735.14751503977,69.492,253.63349915,14.1,5.88160201792279,10289877.0,LMC,LCN
HND,2022.0,3003.28996826399,72.715,251.04405212,13.7,4.48280030802056,10463872.0,LMC,LCN
HPC,2020.0,968.074022023344,63.0726319690016,47.7029776782202,44.9638438232595,3.40915991351725,847743308.0,,
HPC,2021.0,1049.99987506014,62.5313735700637,51.2303480133665,43.9350670309859,3.31281536274069,870930036.0,,
HPC,2022.0,1111.39185793698,63.8404458555462,51.3241280772343,44.0104847065421,3.0972642678305,893906294.0,,
HRV,2020.0,14808.4620188819,77.5243902439024,1094.53283691,4.0,4.40854978561401,3914206.0,HIC,ECS
HRV,2021.0,17789.9304736722,76.4243902439025,1384.11914063,3.9,4.0916600227356,3878981.0,HIC,ECS
HRV,2022.0,18466.0955472648,77.5756097560976,1344.19006348,3.9,,3855641.0,HIC,ECS
HTI,2020.0,1290.32538667383,63.773,44.4271965,43.8,1.11353641558643,11243848.0,LMC,LCN
HTI,2021.0,1835.44394078496,62.613,57.62987518,42.5,1.24275181117048,11374586.0,LMC,LCN
HTI,2022.0,1760.62635668777,63.948,52.29947662,41.5,1.02689812206798,11503606.0,LMC,LCN
HUN,2020.0,16386.9308821258,75.419512195122,1172.83972168,3.4,4.1535701751709,9670419.0,HIC,ECS
HUN,2021.0,19030.628130329,74.0658536585366,1381.62109375,3.3,4.68406009674072,9630932.0,HIC,ECS
HUN,2022.0,18483.6366867035,75.8682926829268,1224.43383789,3.2,3.81258988380432,9605074.0,HIC,ECS
IBD,2020.0,6236.68120499036,73.29542288776,356.960283737888,18.5928735549577,4.30487012863159,4878606096.0,,
IBD,2021.0,7366.1147382175,71.974522937271,409.104543332798,18.1460778280348,4.04323350069167,4905534420.0,,
IBD,2022.0,7745.39306575372,74.251561351988,420.536575924055,17.7571168549093,3.59897994995117,4928522353.0,,
IBT,2020.0,4932.64621363092,70.7491565630532,275.667858528253,30.768023101735,4.01641864383637,6666779721.0,,
IBT,2021.0,5764.25548879941,69.6682599282971,314.379068998903,30.3354112438244,3.76686919289078,6732972939.0,,
IBT,2022.0,6043.77728725502,71.6779222363782,321.184735186953,30.1389107010954,3.5056539313726,6795050443.0,,
IDA,2020.0,1374.49201596905,63.8022749850664,53.6585716317993,45.736384443873,3.37112868540092,1788173625.0,,
IDA,2021.0,1465.04691576142,63.4773799318061,59.8513918711876,44.6460203206208,3.15661438703005,1827438519.0,,
IDA,2022.0,1551.17381360191,64.8822902939527,60.7868829245695,44.1536280844604,3.06772823003204,1866528090.0,,
IDB,2020.0,1735.42504387769,60.8180066140619,62.2628083960124,53.9202572114668,3.71980683449924,626440308.0,,
IDB,2021.0,1857.19734593257,60.876535738179,73.2445945072014,52.4355453327047,3.14335470187693,639196319.0,,
IDB,2022.0,1962.52152270807,62.1288641416852,75.1130089785858,50.9914254908524,2.72738253259215,651895919.0,,
IDN,2020.0,3853.70288774146,68.817,131.8225708,18.6,1.01593221347809,274814866.0,UMC,EAS
IDN,2021.0,4287.17313995098,67.452,158.89761353,18.0,1.03221750658374,276758053.0,UMC,EAS
IDN,2022.0,4730.83484836107,70.925,127.44384766,17.5,0.863943349575907,278830529.0,UMC,EAS
IDX,2020.0,1179.86645615956,65.411479068422,49.0117571268561,41.3770079139356,3.29376565416048,1161733317.0,,
IDX,2021.0,1254.09572124934,64.8764634139942,52.6358820238065,40.5009461575421,3.15661438703005,1188242200.0,,
IDX,2022.0,1330.40253875948,66.3600605315493,53.0868089408523,40.5319767556079,3.08249624893127,1214632171.0,,
IMN,2020.0,79513.5330346598,80.591,,,,84064.0,HIC,ECS
IMN,2021.0,94299.969348965,80.42,,,,84106.0,HIC,ECS
IMN,2022.0,88328.548125887,80.956,,,,84132.0,HIC,ECS
IND,2020.0,1907.04251637669,70.156,63.83099747,28.2,4.29335021972656,1402617695.0,LMC,SAS
IND,2021.0,2239.61384367482,67.282,75.54971313,26.8,4.62949991226196,1414203896.0,LMC,SAS
IND,2022.0,2347.44829434623,71.698,79.51509857,25.6,4.09865814174589,1425423212.0,LMC,SAS
IRL,2020.0,86622.5067251295,82.4560975609756,6098.26660156,3.1,3.19163990020752,5039747.0,HIC,ECS
IRL,2021.0,103961.976350649,82.2536585365854,6764.25878906,3.2,2.904629945755,5110585.0,HIC,ECS
IRL,2022.0,105234.511567597,82.509756097561,6448.02197266,3.3,,5212836.0,HIC,ECS
IRN,2020.0,2988.78122414716,74.141,201.4589386,11.7,3.20495009422302,87723443.0,UMC,MEA
IRN,2021.0,4334.79268631354,73.752,233.74671936,11.4,,88455488.0,UMC,MEA
IRN,2022.0,4405.09291519791,76.799,237.82546997,11.0,2.6699800491333,89524246.0,UMC,MEA
IRQ,2020.0,4295.18945121228,69.651,248.04725647,22.9,,42116605.0,UMC,MEA
IRQ,2021.0,4868.49431080783,70.704,251.59538269,22.2,,43071211.0,UMC,MEA
IRQ,2022.0,6520.73154560584,72.037,254.62432861,21.5,,44070551.0,UMC,MEA
ISL,2020.0,59023.5663465778,83.0634146341463,5692.89111328,2.0,8.58382987976074,366463.0,HIC,ECS
ISL,2021.0,69178.4046960961,83.1658536585366,6722.421875,2.0,8.20907974243164,372520.0,HIC,ECS
ISL,2022.0,75121.0152280628,82.119512195122,6851.62939453,2.0,7.28923988342285,382003.0,HIC,ECS
ISR,2020.0,44575.5719045492,82.6487804878049,3616.50219727,2.8,6.50303983688354,9215100.0,HIC,MEA
ISR,2021.0,52270.9040241956,82.5,4190.61328125,2.8,6.16908979415894,9371400.0,HIC,MEA
ISR,2022.0,54949.621556429,82.7,4223.87255859,2.7,5.93496990203857,9557500.0,HIC,MEA
ITA,2020.0,32091.4866621366,82.1951219512195,3062.09838867,2.5,4.41802978515625,59438851.0,HIC,ECS
ITA,2021.0,36852.5425414951,82.6463414634146,3399.85766602,2.5,4.17118978500366,59133173.0,HIC,ECS
ITA,2022.0,35653.9042103495,82.7,3134.68066406,2.4,4.0698299407959,59013667.0,HIC,ECS
JAM,2020.0,4879.44025773374,71.452,323.30215454,18.0,5.38065828197341,2830739.0,UMC,LCN
JAM,2021.0,5165.33782130331,69.085,371.14056396,18.1,5.63123989105225,2837682.0,UMC,LCN
JAM,2022.0,6022.15339791763,71.481,468.34671021,18.3,5.35435009002685,2839144.0,UMC,LCN
JOR,2020.0,4022.0401356135,75.583,286.19711304,13.3,3.55303483980158,10865228.0,LMC,MEA
JOR,2021.0,4183.49998326866,74.204,301.28631592,12.9,3.13837003707886,11066356.0,LMC,MEA
JOR,2022.0,4332.25159897931,77.088,295.13876343,12.6,3.15300011634827,11256263.0,LMC,MEA
JPN,2020.0,40028.7341726762,84.56,4486.63671875,1.8,3.30628991127014,126261000.0,HIC,EAS
JPN,2021.0,40094.5599795288,84.4456097560976,4482.61816406,1.8,3.33563995361328,125681593.0,HIC,EAS
JPN,2022.0,34065.6438962526,83.9963414634146,3889.35717773,1.8,,125124989.0,HIC,EAS
KAZ,2020.0,8781.50797787648,71.195,329.57086182,8.0,4.44620380169618,19482117.0,UMC,ECS
KAZ,2021.0,9983.60103576902,70.131,391.81536865,7.9,4.38569397571466,19743603.0,UMC,ECS
KAZ,2022.0,11255.3396437881,73.503,420.97982788,7.7,4.36185360851405,20034609.0,UMC,ECS
KEN,2020.0,1927.66459027849,61.596,86.59217834,36.9,5.04574892454155,52217334.0,LMC,SSF
KEN,2021.0,2061.35622089594,61.225,94.1061554,36.4,4.89040202257195,53219166.0,LMC,SSF
KEN,2022.0,2109.56288513137,63.549,90.43982697,35.8,4.51101801829815,54252461.0,LMC,SSF
KGZ,2020.0,1229.51766602907,71.8,61.40720367,15.6,5.7331600189209,6726596.0,LMC,ECS
KGZ,2021.0,1349.99730650542,71.9,72.58777618,15.3,5.16667985916138,6851224.0,LMC,ECS
KGZ,2022.0,1739.72018344174,72.0487804878049,85.87857056,15.1,7.16884382244099,6975220.0,LMC,ECS
KHM,2020.0,2081.73914242939,70.059,110.01118469,22.6,2.2476462495972,16725474.0,LMC,EAS
KHM,2021.0,2167.40324198499,69.301,119.6354599,21.9,1.96232691812756,16974305.0,LMC,EAS
KHM,2022.0,2325.03050040841,70.528,109.52975464,21.1,1.95793279576416,17201724.0,LMC,EAS
KIR,2020.0,1751.7823197053,65.205,239.24353027,41.9,16.2303756141975,126099.0,LMC,EAS
KIR,2021.0,2222.04829512346,64.148,262.54107666,41.3,13.9871516883117,128377.0,LMC,EAS
KIR,2022.0,2069.76720110559,66.269,217.68276978,40.6,14.7860312820513,130469.0,LMC,EAS
KNA,2020.0,18859.0190361046,71.181,1067.96020508,15.5,3.10568635584663,46870.0,HIC,LCN
KNA,2021.0,18361.1449697886,69.271,1134.47509766,15.1,2.78379011154175,46763.0,HIC,LCN
KNA,2022.0,20985.0112160159,70.313,1160.26428223,14.7,3.5579615526858,46709.0,HIC,LCN
KOR,2020.0,31721.2989141857,83.4268292682927,2649.33422852,2.5,4.8017201423645,51836239.0,HIC,EAS
KOR,2021.0,35125.5224984723,83.5268292682927,3141.52246094,2.4,4.86627006530762,51769539.0,HIC,EAS
KOR,2022.0,32394.6833725203,82.6804878048781,3049.67163086,2.4,5.81446981430054,51672569.0,HIC,EAS
KWT,2020.0,25236.0755520534,78.7609756097561,1523.4276123,7.7,6.24513034913966,4400267.0,HIC,MEA
KWT,2021.0,34018.6342879647,78.7365853658537,1788.77563477,7.6,7.76246706467929,4360865.0,HIC,MEA
KWT,2022.0,39981.7690981957,80.5878048780488,1700.31958008,7.6,6.58236499988891,4589643.0,HIC,MEA
LAC,2020.0,6892.38171560913,72.8759217271338,571.985613940258,14.2127372030552,4.54901954970835,578091505.0,,
LAC,2021.0,7955.36133413771,71.4377016432982,641.776602029562,13.9215782793868,4.08717467298944,581884231.0,,
LAC,2022.0,9093.65274220086,74.4897262626476,701.744481766224,13.6510686282049,3.83315992355347,585648822.0,,
LAO,2020.0,2583.77730696131,68.339,51.96581268,39.0,1.91597273223857,7346533.0,LMC,EAS
LAO,2021.0,2526.05105018529,67.807,68.61697388,37.7,1.85949176876536,7453194.0,LMC,EAS
LAO,2022.0,2046.40440255621,68.715,41.34779739,36.4,1.46083440434069,7559007.0,LMC,EAS
LBN,2020.0,5561.19166950397,76.299,518.296875,13.5,2.4354185601396,5702398.0,LMC,MEA
LBN,2021.0,4045.37391066234,73.65,311.84085083,14.3,,5718122.0,LMC,MEA
LBN,2022.0,3654.35845534878,78.003,392.38327026,15.1,1.33151427628711,5744489.0,LMC,MEA
LBR,2020.0,616.787867006715,61.267,76.11009979,56.8,2.13601415111746,5149463.0,LIC,SSF
LBR,2021.0,667.96610514319,61.166,92.3295517,55.4,2.4235999584198,5259323.0,LIC,SSF
LBR,2022.0,744.617175237387,61.934,99.65045929,53.9,2.2760960068702,5373294.0,LIC,SSF
LBY,2020.0,6650.33810585348,72.388,472.62240601,9.0,,7045399.0,UMC,MEA
LBY,2021.0,4935.82787349801,72.062,306.70458984,8.7,,7135175.0,UMC,MEA
LBY,2022.0,5986.63694851258,74.462,278.3821106,8.4,,7223805.0,UMC,MEA
LCA,2020.0,8411.07474936367,72.308,577.55700684,14.8,3.61517000198364,178250.0,UMC,LCN
LCA,2021.0,10459.1321248092,69.119,588.36962891,14.6,5.86197746335882,178522.0,UMC,LCN
LCA,2022.0,13103.8243147472,72.67,644.80279541,14.4,4.64235019683838,178781.0,UMC,LCN
LCN,2020.0,7445.29645309345,73.188934023043,589.402562006271,14.3,4.53030931019986,645497651.0,,
LCN,2021.0,8597.53194021339,71.8141668022872,664.397846304484,14.1,4.08717467298944,649234493.0,,
LCN,2022.0,9716.03266743823,74.647198943632,721.890892765768,13.8,3.84722961564427,653104795.0,,
LDC,2020.0,1088.70490856513,64.8323585417323,42.7885098134034,42.8731198848264,3.06497843916225,1083636132.0,,
LDC,2021.0,1161.529354921,64.267342334044,46.3073459120771,41.9477612359959,3.07085166362803,1109175268.0,,
LDC,2022.0,1273.78979194705,65.7631857632163,48.1820821472757,41.9506230406724,2.89168744551701,1134585604.0,,
LIC,2020.0,607.964753680008,62.8180995019214,35.8537567712416,46.3,3.29376565416048,560643073.0,,
LIC,2021.0,643.369305022958,62.3799887227483,37.1837335976873,45.3,3.5099168512537,576076618.0,,
LIC,2022.0,723.504638939919,63.4583102800447,39.0162139523007,45.8,2.97970783777452,591481496.0,,
LIE,2020.0,164671.093553454,81.6585365853659,,,,38901.0,HIC,ECS
LIE,2021.0,201944.830335076,84.4024390243902,,,,39182.0,HIC,ECS
LIE,2022.0,186821.881757157,84.1219512195122,,,,39493.0,HIC,ECS
LKA,2020.0,3847.60137695639,76.928,152.001297,6.0,1.55792392223723,21919000.0,LMC,SAS
LKA,2021.0,3996.96240014909,76.278,157.13322449,5.8,1.50650579603928,22156000.0,LMC,SAS
LKA,2022.0,3342.63650253855,77.3,145.55810547,5.5,1.20397218661186,22181000.0,LMC,SAS
LMC,2020.0,2058.43459982702,68.040356336938,78.8509621700048,35.6,3.65287360437751,2968398856.0,,
LMC,2021.0,2302.44736874388,66.3662902978306,91.4770554315131,34.6,3.31281536274069,3006243027.0,,
LMC,2022.0,2424.15054696003,69.3010946755529,93.5033058915742,33.5,3.19562257696233,3043358377.0,,
LMY,2020.0,4698.5175297673,70.7486800091755,257.645391488349,30.9592983669989,3.91176009178162,6314223170.0,,
LMY,2021.0,5485.92472057214,69.6717843895896,293.138612264202,30.5311414233056,3.64776992797852,6378645843.0,,
LMY,2022.0,5702.28344160279,71.6852818823469,296.000672126349,30.3477935620875,3.44776888059898,6438272260.0,,
LSO,2020.0,918.582577421982,55.133,97.32032776,61.2,,2235727.0,LMC,SSF
LSO,2021.0,1066.58643600093,54.209,116.60222626,59.8,,2261542.0,LMC,SSF
LSO,2022.0,1030.12579628833,56.812,133.70170593,57.6,,2286110.0,LMC,SSF
LTE,2020.0,9869.54019951006,76.6937147799405,600.269934429487,8.01259746974431,4.44620380169618,2316461820.0,,
LTE,2021.0,11755.4245358535,76.306088329774,684.819182663501,7.84904402519256,4.4231769782443,2320449542.0,,
LTE,2022.0,12280.1075352976,76.9545802485126,705.005304890289,7.74327168139762,4.31372976303101,2324125644.0,,
LTU,2020.0,20428.6478157394,75.0292682926829,1520.39221191,3.1,4.47348022460938,2810369.0,HIC,ECS
LTU,2021.0,23870.4594851722,74.0365853658537,1854.28051758,3.0,4.23977994918823,2808380.0,HIC,ECS
LTU,2022.0,25085.784063499,75.6439024390244,1829.66320801,2.9,4.25285005569458,2831639.0,HIC,ECS
LUX,2020.0,116860.02817236,82.1439024390244,6785.86230469,2.1,3.85349988937378,630419.0,HIC,ECS
LUX,2021.0,134965.815442152,82.5975609756098,7632.57275391,2.1,3.71989011764526,640064.0,HIC,ECS
LUX,2022.0,123719.658915996,82.9463414634147,7022.62695313,2.0,3.70599007606506,653103.0,HIC,ECS
LVA,2020.0,17564.2321549354,75.1853658536585,1313.35412598,3.2,4.99749994277954,1900449.0,HIC,ECS
LVA,2021.0,20261.8887788916,72.9804878048781,1897.95275879,2.9,4.76752996444702,1884490.0,HIC,ECS
LVA,2022.0,20227.2307431581,74.2780487804878,1642.47131348,2.7,4.31920003890991,1879383.0,HIC,ECS
MAC,2020.0,36976.2561071429,84.1292682926829,,,6.38948011398315,685400.0,HIC,EAS
MAC,2021.0,45376.314586156,83.7292682926829,,,5.10697984695435,682500.0,HIC,EAS
MAC,2022.0,36909.9564090312,83.0804878048781,,,6.05706977844238,677300.0,HIC,EAS
MAF,2020.0,,80.085,,,,31786.0,HIC,LCN
MAF,2021.0,21668.3740927942,80.206,,,,29961.0,HIC,LCN
MAF,2022.0,,80.236,,,,28870.0,HIC,LCN
MAR,2020.0,3268.0302734375,73.133,185.45245361,17.3,6.28428263644307,36584208.0,LMC,MEA
MAR,2021.0,3785.93627929688,73.385,211.94190979,16.6,5.64273401285138,36954442.0,LMC,MEA
MAR,2022.0,3455.39624023438,75.161,199.21412659,16.0,5.91224674061277,37329064.0,LMC,MEA
MCO,2020.0,176891.886538492,86.089,7579.64404297,2.5,,38050.0,HIC,ECS
MCO,2021.0,223823.363960226,85.113,8222.6640625,2.4,1.41926002502441,38527.0,HIC,ECS
MCO,2022.0,226052.001905201,85.746,7655.94042969,2.3,1.17105996608734,38931.0,HIC,ECS
MDA,2020.0,4375.7788930524,69.914,306.64892578,13.7,6.6012601852417,2635130.0,UMC,ECS
MDA,2021.0,5274.60582195352,68.991,410.12298584,13.6,5.82405996322632,2595809.0,UMC,ECS
MDA,2022.0,5744.29618434435,71.546,398.14910889,13.6,6.11053991317749,2528654.0,UMC,ECS
MDG,2020.0,450.771615201509,62.706,16.78295326,44.7,3.25443385103636,28953556.0,LIC,SSF
MDG,2021.0,483.469463351371,62.516,17.17938805,44.9,3.19807542117225,29691083.0,LIC,SSF
MDG,2022.0,503.514533472879,63.068,16.32154655,44.7,3.06772823003204,30437261.0,LIC,SSF
MDV,2020.0,7393.8886543933,78.713,845.82440186,6.0,5.84760793108804,502118.0,UMC,SAS
MDV,2021.0,10176.143882547,78.052,1057.34313965,5.6,4.61379747500137,516154.0,UMC,SAS
MDV,2022.0,11786.0091545343,80.76,1150.68554688,5.3,4.67344315449896,524106.0,UMC,SAS
MEA,2020.0,4707.81986084887,69.9110789555644,278.42562032687,19.0,3.98417997360229,756405281.0,,
MEA,2021.0,5575.27298626728,69.7113193479505,296.666557181515,18.6,,767578451.0,,
MEA,2022.0,6383.39839256713,71.6918319737772,293.104275438891,18.1,4.30123996734619,782349366.0,,
MEX,2020.0,8841.2707511328,70.449,535.11669922,11.8,4.49967002868652,126799054.0,UMC,LCN
MEX,2021.0,10314.0506725979,69.75,606.13415527,11.5,4.23823022842407,127648148.0,UMC,LCN
MEX,2022.0,11402.1410374782,73.973,650.97070313,11.1,4.0658597946167,128613117.0,UMC,LCN
MHL,2020.0,5661.96787336674,65.387,687.02435303,25.8,13.8350374540234,42706.0,UMC,EAS
MHL,2021.0,6258.61193705127,65.421,782.16351318,25.0,15.1824411727819,41367.0,UMC,EAS
MHL,2022.0,6322.82855503156,66.725,758.44873047,24.3,7.70088005065918,40077.0,UMC,EAS
MIC,2020.0,5096.7359040376,71.5214553857761,278.256215145423,27.5158032031332,3.94374100561712,5753580097.0,,
MIC,2021.0,5966.0001578766,70.3957107787488,317.446646247624,27.0537464985015,3.64776992797852,5802569225.0,,
MIC,2022.0,6205.5459977675,72.5175506717212,321.071896340452,26.5608532035754,3.5056539313726,5846790764.0,,
MKD,2020.0,6659.59651070776,74.3951219512195,510.81011963,5.2,,1856124.0,UMC,ECS
MKD,2021.0,7620.80296977508,73.2463414634146,636.65447998,4.4,,1837114.0,UMC,ECS
MKD,2022.0,7606.2375253797,74.4248780487805,561.69281006,3.6,,1831712.0,UMC,ECS
MLI,2020.0,953.242943290974,58.858,28.20211601,62.1,3.95445990562439,21713836.0,LIC,SSF
MLI,2021.0,1027.27345365357,59.116,30.61906815,60.5,4.36370992660522,22388630.0,LIC,SSF
MLI,2022.0,969.72220560562,60.035,29.74292755,59.0,4.04512227529275,23072640.0,LIC,SSF
MLT,2020.0,31833.596382464,82.0975609756098,3135.40527344,5.2,,515490.0,HIC,MEA
MLT,2021.0,38065.354346575,82.2585365853659,3641.61938477,5.1,4.93089008331299,518150.0,HIC,MEA
MLT,2022.0,36224.2819955817,82.4487804878049,3352.77490234,5.0,4.71973991394043,531113.0,HIC,MEA
MMR,2020.0,1490.21683548367,66.612,66.02284241,37.6,,53016522.0,LMC,EAS
MMR,2021.0,1242.72134419599,65.553,71.14800262,36.4,,53387102.0,LMC,EAS
MMR,2022.0,1158.05005034332,66.506,57.96875763,35.2,,53756787.0,LMC,EAS
MNA,2020.0,2381.42542469934,69.0506342866219,127.087885839305,36.9738972040549,,692532027.0,,
MNA,2021.0,2719.53126773593,68.9280214782653,136.306827022982,36.111580347842,,704458802.0,,
MNA,2022.0,2975.95566292741,71.0055315443397,132.581917579374,35.1385328983309,,716508657.0,,
MNE,2020.0,7612.62845881291,75.9317073170732,896.24884033,2.5,,626590.0,UMC,ECS
MNE,2021.0,9377.48879714989,73.8243902439024,1024.2565918,2.3,,625053.0,UMC,ECS
MNE,2022.0,9990.20444616996,76.1878048780488,1107.06445313,2.2,,623591.0,UMC,ECS
MNG,2020.0,4001.25193077703,71.3490243902439,188.77464294,12.2,,3327204.0,UMC,EAS
MNG,2021.0,4517.61578018785,71.6451219512195,330.03753662,11.8,,3383741.0,UMC,EAS
MNG,2022.0,4993.51487463495,71.9007317073171,448.24212646,11.6,,3433748.0,UMC,EAS
MNP,2020.0,18220.8382427201,78.03,,,,47528.0,HIC,EAS
MNP,2021.0,19455.50139424,78.16,,,,46979.0,HIC,EAS
MNP,2022.0,23785.754590043,78.531,,,,46078.0,HIC,EAS
MOZ,2020.0,462.433876479921,61.39,34.87546539,49.1,6.17059556957808,30783688.0,LIC,SSF
MOZ,2021.0,509.907829475551,60.268,45.22790909,47.7,6.34063583505687,31707800.0,LIC,SSF
MOZ,2022.0,578.251663751351,63.011,49.4729538,46.5,5.97607342054314,32656246.0,LIC,SSF
MRT,2020.0,1795.76459566714,66.794,53.89974594,33.8,1.802649974823,4600131.0,LMC,SSF
MRT,2021.0,1947.78918383313,66.762,73.6309433,32.9,1.891970038414,4734874.0,LMC,SSF
MRT,2022.0,1960.35240077424,68.281,90.41540527,32.0,1.38966000080109,4875637.0,LMC,SSF
MUS,2020.0,9011.04288445023,74.1770731707317,541.95184326,14.1,4.35243988037109,1266014.0,UMC,SSF
MUS,2021.0,9068.97300226707,73.680243902439,593.77947998,14.0,4.67151021957397,1266334.0,UMC,SSF
MUS,2022.0,10223.7882316574,73.5146341463415,590.93572998,13.8,4.84085988998413,1262523.0,UMC,SSF
MWI,2020.0,602.507478176106,65.216,43.22896194,32.3,,19533888.0,LIC,SSF
MWI,2021.0,617.447520802454,64.782,47.58463669,31.4,,20047258.0,LIC,SSF
MWI,2022.0,604.269751184515,66.037,39.65991211,30.5,2.74888371105811,20568728.0,LIC,SSF
MYS,2020.0,9957.52626697613,76.057,406.52005005,6.7,3.91176009178162,33889558.0,UMC,EAS
MYS,2021.0,10903.1116425938,73.917,476.94366455,6.7,4.26109393398867,34282399.0,UMC,EAS
MYS,2022.0,11748.0919307944,75.444,458.21963501,6.7,3.49933781956284,34695493.0,UMC,EAS
NAC,2020.0,62262.642409838,77.4498099795241,11053.004803704,5.4,5.14163494110107,369670740.0,,
NAC,2021.0,69412.9137512303,76.8657678890549,11429.5591405352,5.4,5.08449006080627,370404272.0,,
NAC,2022.0,75613.4507146586,77.8327679594239,11789.3100248525,5.4,4.88021993637085,373018004.0,,
NAM,2020.0,3878.58982993966,64.071,344.69924927,43.1,9.27799879073429,2728762.0,LMC,SSF
NAM,2021.0,4412.8355693052,60.85,413.51190186,41.6,10.3914477380895,2810548.0,LMC,SSF
NAM,2022.0,4349.79908493314,64.19,405.59393311,39.7,9.3919470845238,2889662.0,LMC,SSF
NCL,2020.0,33270.330597637,77.049,,,,284176.0,HIC,EAS
NCL,2021.0,35311.5543551452,77.113,,,,285214.0,HIC,EAS
NCL,2022.0,33516.363085906,77.698,,,,287123.0,HIC,EAS
NER,2020.0,579.512495758236,59.89,35.75509644,69.4,3.81906792754322,23717613.0,LIC,SSF
NER,2021.0,608.722439593808,59.542,35.39406204,69.0,3.82175828133515,24502140.0,LIC,SSF
NER,2022.0,609.745147661683,60.398,26.50681686,68.3,3.71231832079626,25311973.0,LIC,SSF
NGA,2020.0,2019.65706326224,53.072,67.91384888,64.7,0.35963763718498,213996181.0,LMC,SSF
NGA,2021.0,2017.27486481527,53.455,81.87322235,63.2,0.381919104397325,218529286.0,LMC,SSF
NGA,2022.0,2139.37478476974,54.079,90.92185211,61.6,0.348516707890877,223150896.0,LMC,SSF
NIC,2020.0,1938.44704754382,70.766,165.88038635,11.6,4.58034059162685,6565267.0,LMC,LCN
NIC,2021.0,2138.38588469449,70.478,204.21273804,11.1,4.08717467298944,6644741.0,LMC,LCN
NIC,2022.0,2322.89053964583,74.463,208.47544861,10.7,3.80001496174069,6730654.0,LMC,LCN
NLD,2020.0,53467.9277413737,81.3585365853659,5865.90527344,3.5,5.29139995574951,17441500.0,HIC,ECS
NLD,2021.0,60141.9880911492,81.309756097561,6554.96826172,3.5,5.37661981582642,17533044.0,HIC,ECS
NLD,2022.0,59123.318556487,81.6146341463415,5796.03466797,3.5,5.17918014526367,17700982.0,HIC,ECS
NOR,2020.0,68340.0181033702,83.209756097561,7824.57714844,1.9,8.3728199005127,5379475.0,HIC,ECS
NOR,2021.0,93072.8925119571,83.1634146341463,9163.13867188,1.9,6.9602198600769,5408320.0,HIC,ECS
NOR,2022.0,109269.520580298,82.509756097561,8692.57617188,1.9,5.45586013793945,5457127.0,HIC,ECS
NPL,2020.0,1154.21517578318,69.106,59.07941437,26.1,4.24355670934502,28966574.0,LMC,SAS
NPL,2021.0,1252.75076731986,68.385,66.54234314,25.1,4.42801034633091,29475010.0,LMC,SAS
NPL,2022.0,1385.91066274851,70.087,88.26616669,24.2,4.13645081690396,29715436.0,LMC,SAS
NRU,2020.0,10695.6993301601,61.527,1270.52563477,10.3,5.90502903225807,11643.0,HIC,EAS
NRU,2021.0,14989.6647450751,61.331,1809.3338623,9.5,5.16034,11709.0,HIC,EAS
NRU,2022.0,12896.4341046481,61.93,2264.20239258,8.8,5.91827971698113,11801.0,HIC,EAS
NZL,2020.0,41850.92032802,82.2560975609756,4214.57177734,4.2,5.65149021148682,5090200.0,HIC,EAS
NZL,2021.0,49689.498134519,82.2073170731707,4967.38183594,4.2,5.54822015762329,5111300.0,HIC,EAS
NZL,2022.0,48760.0381935936,81.9585365853658,4804.37792969,4.1,5.22557020187378,5117100.0,HIC,EAS
OED,2020.0,38704.9773091343,78.958047957323,5292.30387213498,5.9047844584081,5.29139995574951,1369327995.0,,
OED,2021.0,43149.6072484462,78.5886217634772,5654.94559407424,5.80134634820117,5.12611985206604,1371811773.0,,
OED,2022.0,44046.426245598,79.5215684599377,5551.64894212939,5.71264898693856,4.99167513847351,1379097485.0,,
OMN,2020.0,16784.8630630058,77.763,859.24969482,8.6,6.87768983840942,4522497.0,HIC,MEA
OMN,2021.0,19403.4600160211,75.969,856.42144775,8.6,,4500424.0,HIC,MEA
OMN,2022.0,23223.5829405935,77.911,706.92224121,8.5,4.30123996734619,4730226.0,HIC,MEA
OSS,2020.0,11728.9524519274,72.5097097789427,992.511575571232,26.9765261074745,5.32546270122803,12417333.0,,
OSS,2021.0,13671.456548983,71.7699719301416,1172.49404063857,26.2418277256097,5.08243989944458,12541889.0,,
OSS,2022.0,14298.1028214028,72.9049248661262,1146.19053797,25.8597399999,5.02409982681275,12699005.0,,
PAK,2020.0,1278.39735206896,65.701,36.9091301,55.1,2.05718240718423,235001746.0,LMC,MEA
PAK,2021.0,1455.31922370186,65.773,42.79639816,53.4,1.68746129213991,239477801.0,LMC,MEA
PAK,2022.0,1538.3228133171,67.417,38.76602173,51.8,1.97300945756988,243700667.0,LMC,MEA
PAN,2020.0,13290.5608347594,76.33,1358.4498291,12.2,4.30487012863159,4293261.0,HIC,LCN
PAN,2021.0,15509.8069109784,77.004,1417.1541748,11.6,3.71198010444641,4345405.0,HIC,LCN
PAN,2022.0,17332.4360742988,79.324,1472.04638672,11.1,3.37781000137329,4400773.0,HIC,LCN
PER,2020.0,6133.32552410183,73.832,399.59625244,14.1,4.25937986373901,32838579.0,UMC,LCN
PER,2021.0,6826.20255614477,71.596,455.69836426,14.0,3.92721009254456,33155882.0,UMC,LCN
PER,2022.0,7350.63034300417,76.834,445.85757446,13.8,3.83315992355347,33475438.0,UMC,LCN
PHL,2020.0,3227.57910235199,70.097,166.61218262,22.8,3.85829051308063,112081264.0,LMC,EAS
PHL,2021.0,3484.38593882819,66.675,208.192276,22.7,3.87249754784633,113100950.0,LMC,EAS
PHL,2022.0,3548.06930572116,69.472,182.93429565,22.4,3.57960089528426,113964338.0,LMC,EAS
PLW,2020.0,14556.5872302158,68.689,1934.02905273,19.9,3.47118076238812,17792.0,HIC,EAS
PLW,2021.0,13257.2063206433,68.563,1916.50598145,19.7,3.94417105804533,17783.0,HIC,EAS
PLW,2022.0,14392.2011374514,68.922,1978.85437012,19.5,3.57620133415525,17759.0,HIC,EAS
PNG,2020.0,2429.61134585269,65.075,55.92817688,35.1,0.898018542083257,9815746.0,LMC,EAS
PNG,2021.0,2607.57861874444,64.358,61.02529907,34.1,0.713984905932403,10012896.0,LMC,EAS
PNG,2022.0,3102.28968594061,65.274,81.11356354,33.0,0.643376920751815,10203169.0,LMC,EAS
POL,2020.0,16150.9291009726,76.4,1025.98486328,3.8,4.80081987380981,37515748.0,HIC,ECS
POL,2021.0,18635.5088812509,75.3512195121951,1183.30236816,3.8,4.61998987197876,36981559.0,HIC,ECS
POL,2022.0,18891.213529396,77.1560975609756,1193.13061523,3.7,4.31372976303101,36821749.0,HIC,ECS
PRE,2020.0,1320.70911111119,60.5012070014439,58.7104287611817,49.7186076410923,3.24270320512235,998624261.0,,
PRE,2021.0,1412.70908920903,60.2752505117259,64.6270770066943,48.6301223757596,3.10528051699067,1024960313.0,,
PRE,2022.0,1577.71627123527,61.3832880029503,67.5807973137606,48.4289891841862,2.89168744551701,1051201551.0,,
PRI,2020.0,31427.1130762831,80.009,,,4.28663184360846,3281590.0,HIC,LCN
PRI,2021.0,32619.0704601174,79.77,,,3.7296700261025,3262711.0,HIC,LCN
PRI,2022.0,35353.6821570014,79.427,,,3.86129930773508,3220137.0,HIC,LCN
PRK,2020.0,,72.783,,14.1,,26136312.0,LIC,EAS
PRK,2021.0,,73.437,,14.1,,26232534.0,LIC,EAS
PRK,2022.0,,73.641,,14.3,,26328845.0,LIC,EAS
PRT,2020.0,22299.4044062173,81.3292682926829,2346.33081055,2.7,4.86408996582031,10297081.0,HIC,ECS
PRT,2021.0,24711.4510062111,81.3780487804878,2760.16503906,2.7,4.77342987060547,10361831.0,HIC,ECS
PRT,2022.0,24620.519556875,81.6317073170732,2580.75634766,2.6,4.55159997940063,10434332.0,HIC,ECS
PRY,2020.0,5365.47220721191,72.72,411.81765747,16.7,3.93615007400513,6603739.0,UMC,LCN
PRY,2021.0,5976.9317978996,68.108,480.11322021,16.2,3.41070008277893,6684182.0,UMC,LCN
PRY,2022.0,6205.6259537937,72.319,480.19396973,15.6,3.39619994163513,6760464.0,UMC,LCN
PSE,2020.0,3233.56863835858,74.998,314.82254028,13.2,,4803269.0,LMC,MEA
PSE,2021.0,3678.63565662194,73.89,364.4173584,12.8,5.43442010879517,4922749.0,LMC,MEA
PSE,2022.0,3799.95527015163,76.662,350.63812256,12.3,,5043612.0,LMC,MEA
PSS,2020.0,3666.08926363725,68.3568108792759,227.952101156833,19.4172902530281,,2595522.0,,
PSS,2021.0,3649.53388709298,67.4810209240703,264.308702277573,19.3875368754956,,2625493.0,,
PSS,2022.0,3888.62868011839,69.1004348993561,219.941936686575,19.2214754830071,,2656049.0,,
PST,2020.0,44887.3835189149,80.0659140743109,6348.53441356553,4.10139169008525,5.28408002853394,1117025276.0,,
PST,2021.0,50022.0389228787,79.7955815488505,6837.68285992763,4.09641477391411,5.08859992027283,1116609473.0,,
PST,2022.0,51102.3562661077,80.1978532076615,6984.79144973527,4.09082593379732,4.99167513847351,1117926537.0,,
PYF,2020.0,19966.4838503859,82.459,,,,279209.0,HIC,EAS
PYF,2021.0,21982.9038942614,79.571,,,,279792.0,HIC,EAS
PYF,2022.0,20738.6499971661,83.859,,,,280378.0,HIC,EAS
QAT,2020.0,51683.5054376677,80.409,1967.15197754,5.2,3.2336699962616,2794148.0,HIC,MEA
QAT,2021.0,71751.8831257169,81.083,1847.00231934,5.1,,2504910.0,HIC,MEA
QAT,2022.0,88701.463352273,81.857,1781.56030273,5.0,,2657333.0,HIC,MEA
ROU,2020.0,13082.3006559554,74.2536585365854,809.58880615,5.4,3.57969999313354,19265250.0,HIC,ECS
ROU,2021.0,14986.7854904274,72.809756097561,963.01287842,5.3,3.31561994552612,19122059.0,HIC,ECS
ROU,2022.0,15557.8826247584,75.1536585365854,902.2677002,5.4,3.2788200378418,19048502.0,HIC,ECS
RUS,2020.0,10108.3271484375,71.3387804878049,814.94451904,4.4,4.01641864383637,145245148.0,HIC,ECS
RUS,2021.0,12425.029296875,69.900243902439,881.75720215,4.1,3.99480697864774,144746762.0,HIC,ECS
RUS,2022.0,15619.6142578125,72.5456097560976,1078.23486328,3.9,4.05402755323777,144236933.0,HIC,ECS
RWA,2020.0,778.701498787411,66.953,58.29339218,31.5,3.33309745728459,13065837.0,LIC,SSF
RWA,2021.0,829.544845639777,66.85,60.46223831,31.1,5.58984994888306,13355260.0,LIC,SSF
RWA,2022.0,975.469323979541,67.528,76.83828735,30.8,4.74623012542725,13651030.0,LIC,SSF
SAS,2020.0,1957.20343722686,70.3622206982499,63.8982524233205,33.7,3.1916501133819,1621073417.0,,
SAS,2021.0,2273.72055798689,67.8215299767513,75.0718153271172,32.5,3.29945958568872,1634785356.0,,
SAS,2022.0,2385.08341578414,72.0115731308447,79.0444496715748,31.3,3.09202235990416,1648009565.0,,
SAU,2020.0,24338.8307301067,77.596,1574.70068359,5.5,,31552510.0,HIC,MEA
SAU,2021.0,31920.7653655643,77.089,1654.74353027,5.3,,30784383.0,HIC,MEA
SAU,2022.0,38510.2276211037,77.31,1593.37145996,5.1,,32175224.0,HIC,MEA
SDN,2020.0,577.795227050781,65.124,22.17246819,42.8,,46789231.0,LIC,SSF
SDN,2021.0,712.122009277344,64.46,20.4981575,41.6,,48066924.0,LIC,SSF
SDN,2022.0,1046.24084472656,65.695,31.57727051,40.3,,49383346.0,LIC,SSF
SEN,2020.0,1461.08720350553,67.496,75.16521454,33.9,5.6869797706604,16789219.0,LMC,SSF
SEN,2021.0,1598.10676952274,66.868,71.12162781,32.7,5.61201000213623,17220867.0,LMC,SSF
SEN,2022.0,1574.0281059306,67.788,63.73388672,31.4,5.98753976821899,17651103.0,LMC,SSF
SGP,2020.0,61410.0792630788,83.5439024390244,3492.35986328,1.9,2.6869900226593,5685807.0,HIC,EAS
SGP,2021.0,80056.1288247844,83.0926829268293,4044.17333984,1.9,2.82470989227295,5453566.0,HIC,EAS
SGP,2022.0,90299.0694637269,82.8951219512195,4320.51611328,1.8,2.48891997337341,5637022.0,HIC,EAS
SLB,2020.0,2063.33101522108,69.258,100.99560547,17.9,9.64354620369343,744498.0,LMC,EAS
SLB,2021.0,1996.86976779348,68.89,98.7951355,17.5,8.33232704380039,762591.0,LMC,EAS
SLB,2022.0,2005.4139933198,70.409,96.73880768,17.0,8.48737829731105,781066.0,LMC,EAS
SLE,2020.0,845.982914284565,59.694,47.8861618,61.9,5.35125017166138,7912558.0,LIC,SSF
SLE,2021.0,886.192939104469,60.26,44.90049362,60.0,5.59958982467651,8094602.0,LIC,SSF
SLE,2022.0,860.774590932595,61.275,39.31665802,58.0,4.91130018234253,8276807.0,LIC,SSF
SLV,2020.0,3997.19279583709,70.244,357.78799438,10.2,3.66088008880615,6234673.0,UMC,LCN
SLV,2021.0,4642.60743101342,69.941,470.14025879,9.8,3.57766008377075,6255782.0,UMC,LCN
SLV,2022.0,5074.60210221806,71.969,501.24411011,9.5,3.25634002685547,6280319.0,UMC,LCN
SMR,2020.0,44426.6463400658,82.65,3758.609375,1.5,3.4246199131012,34770.0,HIC,ECS
SMR,2021.0,54168.9828262684,83.539,4033.1027832,1.5,3.10892009735107,34252.0,HIC,ECS
SMR,2022.0,54264.570495898,85.708,3874.98535156,1.4,2.89753007888794,33755.0,HIC,ECS
SOM,2020.0,518.184778494334,57.095,12.42313194,73.7,6.12054361034e-06,16651191.0,LIC,SSF
SOM,2021.0,549.114742721701,55.703,14.63377476,71.8,6.75308344309e-06,17271431.0,LIC,SSF
SOM,2022.0,573.128092472349,53.931,15.34639168,89.9,7.21674775437e-06,17801897.0,LIC,SSF
SRB,2020.0,8098.70955668849,74.4780487804878,670.19439697,4.7,,6899126.0,UMC,ECS
SRB,2021.0,9680.52798074468,72.780487804878,919.16790771,4.6,3.14615988731384,6834326.0,UMC,ECS
SRB,2022.0,10022.9688543402,75.2365853658537,903.11828613,4.5,3.08255004882812,6664449.0,UMC,ECS
SSA,2020.0,1544.4411207735,60.6222294256854,79.779039329591,48.7492824815544,3.40915991351725,1049999318.0,,
SSA,2021.0,1700.42199943914,60.1774746494858,90.7683186875985,47.709939341088,3.25544539195647,1076774079.0,,
SSA,2022.0,1772.65535427221,61.2833535992957,91.7746729217248,47.5482911880344,3.08249624893127,1103704408.0,,
SSD,2020.0,,57.648,47.23431778,72.6,,10698467.0,LIC,SSF
SSD,2021.0,,57.047,34.53858948,72.6,,10865780.0,LIC,SSF
SSD,2022.0,,57.203,49.41268158,72.6,,11021177.0,LIC,SSF
SSF,2020.0,1480.47864226138,61.1675270829902,74.5919860889771,47.8,3.59794998906911,1169015451.0,,
SSF,2021.0,1621.10097013513,60.7034363660672,84.2222592284782,46.8,3.31281536274069,1199011925.0,,
SSF,2022.0,1696.43999286939,61.8571795894802,85.2331865877916,46.5,3.0972642678305,1229208573.0,,
SST,2020.0,10699.2911713647,71.8255552822673,846.764545494012,23.783960174342,4.83895129079956,19472157.0,,
SST,2021.0,12369.0639776112,70.7756825891382,980.511980680234,23.263921314831,4.87697505950928,19646549.0,,
SST,2022.0,13598.1107991474,72.3794678577605,976.579804644009,22.8784198884606,4.84085988998413,19852364.0,,
STP,2020.0,2167.22001796925,67.979,159.84396362,10.7,5.02931173372591,217435.0,LMC,SSF
STP,2021.0,2362.58827248102,68.026,187.06524658,10.2,5.53985041124283,221961.0,LMC,SSF
STP,2022.0,2389.73729784737,69.237,180.3336792,9.8,5.19392101712613,226305.0,LMC,SSF
SUR,2020.0,4755.39221710693,72.321,453.44619751,16.6,4.58425708265782,612317.0,UMC,LCN
SUR,2021.0,5029.84838543953,68.943,294.25476074,16.2,4.13154972947739,617896.0,UMC,LCN
SUR,2022.0,6084.43876736445,73.254,343.85302734,15.7,3.43460841988051,623164.0,UMC,LCN
SVK,2020.0,19735.4858280801,76.8658536585366,1393.62438965,4.9,4.720290184021,5458827.0,HIC,ECS
SVK,2021.0,22132.4483028948,74.6146341463415,1684.51550293,5.0,4.71646976470947,5447247.0,HIC,ECS
SVK,2022.0,21334.6011006572,76.9658536585366,1642.39208984,5.0,4.65508985519409,5431752.0,HIC,ECS
SVN,2020.0,25392.0651093612,80.5317073170732,2417.20874023,1.9,5.41901016235352,2102419.0,HIC,ECS
SVN,2021.0,29187.369382785,80.6756097560976,2779.56591797,1.9,5.39167022705078,2108079.0,HIC,ECS
SVN,2022.0,28373.8382265999,81.2829268292683,2737.84936523,1.9,5.28065013885498,2112076.0,HIC,ECS
SWE,2020.0,52653.7565934247,82.3560975609756,6003.09375,2.1,7.95333003997803,10353442.0,HIC,ECS
SWE,2021.0,61174.9680215622,83.0560975609756,6842.46044922,2.1,7.60224008560181,10415811.0,HIC,ECS
SWE,2022.0,55296.9371472535,83.0585365853659,5943.36132813,2.0,7.31909990310669,10486941.0,HIC,ECS
SWZ,2020.0,3454.784217446,59.862,236.25013733,47.1,5.32546270122803,1192729.0,LMC,SSF
SWZ,2021.0,3966.29863253832,58.228,296.82846069,45.8,5.28714899285221,1206593.0,LMC,SSF
SWZ,2022.0,3889.65276959161,63.028,283.88345337,44.6,5.57274175738511,1218917.0,LMC,SSF
SXM,2020.0,30150.8998380477,75.002,,,,41008.0,HIC,LCN
SXM,2021.0,32548.4366854902,74.505,,,,41571.0,HIC,LCN
SXM,2022.0,36476.6300833859,76.18,,,4.27420508508285,42139.0,HIC,LCN
SYC,2020.0,14041.4754074575,77.2365853658537,693.1987915,13.6,4.18704837049316,98462.0,HIC,SSF
SYC,2021.0,14982.9111487767,73.3975609756097,629.11602783,13.5,4.86547351368626,99258.0,HIC,SSF
SYC,2022.0,16836.6721895387,73.7024390243903,694.75085449,13.3,3.65858904774836,119878.0,HIC,SSF
SYR,2020.0,572.355289831901,71.944,30.63546944,20.4,,21049429.0,LIC,MEA
SYR,2021.0,663.614245706815,72.418,25.79880524,19.7,,21628839.0,LIC,MEA
SYR,2022.0,1051.67149587463,72.79,34.36484528,19.5,,22462173.0,LIC,MEA
TCA,2020.0,20690.9160546118,77.499,,4.3,2.46213795190062,44386.0,HIC,LCN
TCA,2021.0,27329.2885087196,77.234,,4.2,3.88573002815247,45243.0,HIC,LCN
TCA,2022.0,31280.5418020808,77.918,,4.1,3.28261995315552,45847.0,HIC,LCN
TCD,2020.0,866.947814890409,53.082,37.73088074,63.6,2.73960390423748,17224679.0,LIC,SSF
TCD,2021.0,946.358500208374,53.136,37.59156799,61.9,2.8881299495697,17828273.0,LIC,SSF
TCD,2022.0,966.036468278568,54.528,40.17007446,60.3,2.6016118897064,18455316.0,LIC,SSF
TEA,2020.0,8485.42025780464,75.7338497054699,446.49690890404,12.5638036399223,3.15314171737183,2095759417.0,,
TEA,2021.0,10086.4785164265,75.3009806060199,514.747413642451,12.5217289355661,2.94517488804327,2102350702.0,,
TEA,2022.0,10220.360503609,75.9610347461336,510.508082812985,12.4761247532852,2.28490151187525,2107261123.0,,
TEC,2020.0,8456.58174660206,73.1523738187621,564.114730090213,9.46628151990603,4.40854978561401,463151657.0,,
TEC,2021.0,9987.98864443054,72.1539007720004,639.965013531708,9.27095003536383,4.11373496055603,463426293.0,,
TEC,2022.0,11410.4415323006,74.1916033602425,728.57199061443,9.12374934703656,3.90450382025902,461268322.0,,
TGO,2020.0,853.578220263722,61.123,52.75213242,39.1,4.08528017372931,8669720.0,LIC,SSF
TGO,2021.0,939.613373786407,61.328,52.72237015,38.0,4.22702442483079,8878379.0,LIC,SSF
TGO,2022.0,898.758154410712,62.29,54.01099014,36.9,3.77811083266775,9089738.0,LIC,SSF
THA,2020.0,6985.64393892574,77.331,304.3817749,8.8,3.15314171737183,71641484.0,UMC,EAS
THA,2021.0,7057.20754802279,77.606,363.72845459,8.5,2.98212428478268,71727332.0,UMC,EAS
THA,2022.0,6909.35281815827,75.291,369.97647095,8.3,2.61187022798634,71735329.0,UMC,EAS
TJK,2020.0,834.311715460625,68.605,74.17329407,23.2,5.13516829187823,9749310.0,LMC,ECS
TJK,2021.0,896.748053372182,69.594,75.10315704,23.2,4.38253082077599,9966908.0,LMC,ECS
TJK,2022.0,1052.17949484894,71.562,78.61326599,23.1,5.39829770599001,10182222.0,LMC,ECS
TKM,2020.0,6592.60146027748,68.846,420.0083313,33.2,3.76267004013061,6949912.0,UMC,ECS
TKM,2021.0,7051.20211079213,69.353,471.86325073,32.6,3.8489100933075,7092043.0,UMC,ECS
TKM,2022.0,8156.35211950774,69.913,579.15454102,32.0,3.58004999160767,7230193.0,UMC,ECS
TLA,2020.0,7240.29672376392,73.0747493617473,577.777466140481,14.4187896982468,4.53030931019986,630051021.0,,
TLA,2021.0,8382.42554035091,71.7449274626405,663.539185074175,14.1464722886566,4.08717467298944,633862610.0,,
TLA,2022.0,9482.77639942335,74.5684293540859,720.881567229965,13.8758102791969,3.81658744264708,637837815.0,,
TLS,2020.0,1630.86938521256,66.919,118.49451447,38.9,3.65287360437751,1326053.0,LMC,EAS
TLS,2021.0,2684.82702378987,66.199,132.07870483,37.9,2.97389404101318,1350139.0,LMC,EAS
TLS,2022.0,2343.24523350389,67.368,174.91215515,36.9,,1369295.0,LMC,EAS
TMN,2020.0,2375.4738441756,69.0090964026373,125.776700236826,37.1789755952984,3.55303483980158,687728758.0,,
TMN,2021.0,2712.78189413176,68.893103228232,134.701576106449,36.3124355800439,,699536053.0,,
TMN,2022.0,2970.11428767476,70.965432550888,131.036106017943,35.3341433369107,3.15300011634827,711465045.0,,
TON,2020.0,4700.44940541029,72.379,256.30737305,8.7,5.04883511346915,105704.0,UMC,EAS
TON,2021.0,4912.57966349119,72.13,341.50390625,8.4,5.162544372426,105490.0,UMC,EAS
TON,2022.0,4933.07466930785,72.635,378.30541992,8.2,5.31016278046634,105042.0,UMC,EAS
TSA,2020.0,1957.20343722686,70.3622206982499,63.8982524233205,27.4829630315707,3.1916501133819,1621073417.0,,
TSA,2021.0,2273.72055798689,67.8215299767513,75.0718153271172,26.2233648576991,3.29945958568872,1634785356.0,,
TSA,2022.0,2385.08341578414,72.0115731308447,79.0444496715748,25.1760759188118,3.09202235990416,1648009565.0,,
TSS,2020.0,1480.47864226138,61.1675270829902,74.591986088977,47.8405809228252,3.59794998906911,1169015451.0,,
TSS,2021.0,1621.10097013513,60.7034363660672,84.2222592284782,46.7775335569482,3.31281536274069,1199011925.0,,
TSS,2022.0,1696.43999286939,61.8571795894802,85.2331865877916,46.5056199745582,3.0972642678305,1229208573.0,,
TTO,2020.0,15358.8612973066,72.645,1051.83642578,18.6,4.2576699256897,1366725.0,HIC,LCN
TTO,2021.0,17679.1812561341,71.111,1173.39306641,18.1,3.00432991981506,1367558.0,HIC,LCN
TTO,2022.0,20874.37682915,73.331,1292.01806641,17.6,2.67331004142761,1365805.0,HIC,LCN
TUN,2020.0,3548.65363663803,75.004,250.46203613,13.5,7.26507545467782,11974057.0,LMC,MEA
TUN,2021.0,3906.93926319391,72.893,270.34024048,12.5,6.67984656240779,12048622.0,LMC,MEA
TUN,2022.0,3708.8481241036,76.05,265.85464478,11.5,6.8049896073928,12119334.0,LMC,MEA
TUR,2020.0,8638.73903848102,76.525,386.2593689,8.7,4.03382015228271,83384680.0,UMC,ECS
TUR,2021.0,9743.21277804855,75.722,431.33978271,8.4,3.53787994384766,84147318.0,UMC,ECS
TUR,2022.0,10674.504157865,77.591,385.87997437,8.0,3.09572005271912,84979913.0,UMC,ECS
TUV,2020.0,4976.11254109571,66.357,923.06542969,18.8,14.5482776139014,10399.0,UMC,EAS
TUV,2021.0,5905.08198095343,65.824,1152.32275391,18.2,15.5155119679441,10194.0,UMC,EAS
TUV,2022.0,5911.32727055301,66.852,1084.66955566,17.7,13.7621912480198,9992.0,UMC,EAS
TZA,2020.0,1117.41528320313,66.771,31.72098923,33.5,3.23097255920833,60972798.0,LMC,SSF
TZA,2021.0,1159.85656738281,66.131,37.56311798,32.4,3.11515335288784,62830412.0,LMC,SSF
TZA,2022.0,1207.85302734375,66.879,35.64775848,31.2,3.2382450375764,64711821.0,LMC,SSF
UGA,2020.0,845.76646385001,66.41,44.73381805,30.6,2.57222181308255,44457152.0,LIC,SSF
UGA,2021.0,882.791717442001,66.45,51.03484726,29.5,2.63593612308533,45910930.0,LIC,SSF
UGA,2022.0,963.067314233497,67.675,44.14502716,28.7,2.56105027176925,47312719.0,LIC,SSF
UKR,2020.0,3709.76928710938,73.283,265.07846069,8.1,5.38231992721558,44680014.0,UMC,ECS
UKR,2021.0,4775.94580078125,71.631,369.90487671,8.0,5.14011001586914,44298640.0,UMC,ECS
UKR,2022.0,4199.6708984375,72.658,,8.0,,41048766.0,UMC,ECS
UMC,2020.0,8334.90582376743,75.2315516201179,490.915631545518,11.9,4.29654002189636,2785181241.0,,
UMC,2021.0,9905.05583452615,74.7276149865895,561.506115096318,11.8,3.88806009292603,2796326198.0,,
UMC,2022.0,10310.8668761078,76.0092804332746,572.957237243075,11.6,3.58951497077942,2803432387.0,,
URY,2020.0,15757.5355995779,78.381,1432.00463867,6.0,4.54292011260986,3398968.0,HIC,LCN
URY,2021.0,17881.818721099,75.434,1594.98059082,5.8,4.46065998077393,3396695.0,HIC,LCN
URY,2022.0,20818.6146091144,76.468,1850.80737305,5.6,4.5073299407959,3390913.0,HIC,LCN
USA,2020.0,64401.5074354212,76.9804878048781,11672.77050781,5.5,5.39531993865967,331577720.0,HIC,NAC
USA,2021.0,71307.4017277218,76.3292682926829,11999.09082031,5.5,5.42038011550903,332099760.0,HIC,NAC
USA,2022.0,77860.9112908848,77.4341463414634,12434.43359375,5.5,,334017321.0,HIC,NAC
UZB,2020.0,1978.28051860763,71.461,120.29019165,14.2,4.44021987915039,33586372.0,LMC,ECS
UZB,2021.0,2258.51964119278,71.681,156.44789124,13.7,4.13580989837646,34243696.0,LMC,ECS
UZB,2022.0,2578.66689394219,72.147,169.43212891,13.1,5.23477171022152,34938955.0,LMC,ECS
VCT,2020.0,8351.20324040982,69.605,406.3571167,11.4,5.46376310406546,103526.0,UMC,LCN
VCT,2021.0,8641.27904024443,69.132,454.80987549,10.8,,102841.0,UMC,LCN
VCT,2022.0,9693.55867833025,71.191,434.86938477,10.3,7.07575034584772,102046.0,UMC,LCN
VEN,2020.0,,72.369,153.24269104,21.5,,28444077.0,INX,LCN
VEN,2021.0,,71.536,162.50117493,21.5,,28237826.0,INX,LCN
VEN,2022.0,,72.566,208.56968689,21.5,,28213017.0,INX,LCN
VGB,2020.0,,76.894,,12.7,2.70538997650146,37135.0,HIC,LCN
VGB,2021.0,,75.297,,12.3,3.0245532067775,37809.0,HIC,LCN
VGB,2022.0,,77.177,,12.0,2.48401999473572,38319.0,HIC,LCN
VIR,2020.0,39787.3741650202,79.819512195122,,,,106290.0,HIC,LCN
VIR,2021.0,42571.0777368471,80.0682926829268,,,,105870.0,HIC,LCN
VIR,2022.0,44320.909185774,80.319512195122,,,,105413.0,HIC,LCN
VNM,2020.0,3534.03953482647,75.383,153.10160828,14.7,3.21652900152514,98079191.0,LMC,EAS
VNM,2021.0,3704.1935590038,74.145,168.08033752,14.5,2.94517488804327,98935098.0,LMC,EAS
VNM,2022.0,4147.69777213621,74.502,188.89749146,14.3,2.88738689372749,99680655.0,LMC,EAS
VUT,2020.0,3042.98711598286,70.385,125.41011047,14.8,2.17358994483948,298858.0,LMC,EAS
VUT,2021.0,3211.71947349318,69.952,141.28567505,14.6,10.1102406419734,305868.0,LMC,EAS
VUT,2022.0,3292.34108821237,71.302,135.42979431,14.4,10.7033456499063,313046.0,LMC,EAS
WLD,2020.0,10963.1756422364,72.1822239463873,1158.07092985814,28.5,4.34224486351013,7855075060.0,,
WLD,2021.0,12418.5659245064,71.2154841745704,1245.90985835296,28.1,4.23262732662743,7920861888.0,,
WLD,2022.0,12819.7448379733,72.9690157226638,1235.60315069913,28.0,3.84722961564427,7990399768.0,,
WSM,2020.0,4099.6600907147,70.727,256.74545288,13.8,4.50316850152178,211944.0,UMC,EAS
WSM,2021.0,3947.64517905415,71.096,270.41333008,13.4,5.2162847162306,213779.0,UMC,EAS
WSM,2022.0,3869.46639492144,71.55,236.22660828,13.1,6.15978780645853,215261.0,UMC,EAS
XKX,2020.0,4310.89065548799,74.212,,9.6,,1790151.0,UMC,ECS
XKX,2021.0,5270.42965289833,74.981,,9.1,,1786079.0,UMC,ECS
XKX,2022.0,5290.94747224687,77.623,,8.7,,1768096.0,UMC,ECS
YEM,2020.0,,66.435,32.30203629,37.4,,36134863.0,LIC,MEA
YEM,2021.0,,66.019,32.01807785,36.7,,37140230.0,LIC,MEA
YEM,2022.0,,67.952,38.11569214,35.7,,38222876.0,LIC,MEA
ZAF,2020.0,5580.60383075189,65.15,503.46759033,25.0,6.17067003250122,60562381.0,UMC,SSF
ZAF,2021.0,6843.39941886204,62.01,592.53417969,24.7,6.5551700592041,61502603.0,UMC,SSF
ZAF,2022.0,6523.41097815853,65.454,569.84075928,24.5,6.15599012374878,62378410.0,UMC,SSF
ZMB,2020.0,951.644316655957,63.361,60.01779938,34.5,3.94374100561712,19059395.0,LMC,SSF
ZMB,2021.0,1127.16077872857,62.363,74.83802795,33.4,3.11363465307753,19603607.0,LMC,SSF
ZMB,2022.0,1447.12310138035,65.279,76.05962372,32.2,3.65884092023983,20152938.0,LMC,SSF
ZWE,2020.0,1730.45391034701,61.53,51.14250565,44.9,,15526888.0,LMC,SSF
ZWE,2021.0,1724.38727102272,60.135,63.51144791,43.6,,15797210.0,LMC,SSF
ZWE,2022.0,2040.54658705395,62.36,70.66313934,42.2,,16069056.0,LMC,SSF
